trial,score,win,w1,w2,w3,w4,w5,w6,w7,w8,GAP
1,503.0,True,3.149965532246013,0.4453061330698776,0.43815098047237844,3.9020825041403686,1.323425972009561,51.48489956916963,3.0513028398331925,0.1674904845594105,3
2,-502.0,False,4.969762832344667,0.28936776181811663,1.7478832804684086,3.515275955493051,3.0180864573118074,8.431943695695276,0.16211719683364323,1.6658594373820321,4
3,505.0,True,3.2742666331393226,0.318219183851762,1.8368510186809646,4.3378426461785216,3.9651787246884513,182.02757034396345,1.8901362290722856,0.9683524223764168,3
4,554.0,True,3.7732348230413946,0.09165249175403078,1.1531342928899053,0.2130267828394844,3.0627893800843227,20.960168680678237,2.7801970164035463,1.3813660093160378,3
5,456.0,True,1.2364785398540745,0.031681643702929585,1.6610730630292352,2.4640502680061624,0.2776341301403623,485.8499140783433,2.8309111206200366,1.6333578755609572,3
6,-486.0,False,4.09435436063184,0.3154187482261249,0.9227523731233176,4.431212722827335,4.013100369412422,277.1491959132191,4.727834817228488,0.044031576341051926,1
7,556.0,True,0.5876717148621435,0.14188803711411913,0.48711225669052105,0.39701261270265076,2.642138590056036,389.3300276705908,3.9679424116320323,0.9358782389746718,4
8,475.0,True,2.5121703962755495,0.441361731838778,1.368060679287773,1.7576074919232276,4.695360068004647,242.50799454958087,1.2070348532340547,0.7055589411661496,3
9,-492.0,False,0.6306018731741392,0.08323358900248273,0.6792707555115745,0.15460368125166934,4.957078691886959,218.09910507089086,0.8335648239201177,0.04035523613043335,4
10,-478.0,False,1.3481233125175969,0.36215062422427924,0.05653777459969356,2.656876387292424,2.7097745199338217,491.6718683728085,0.060491561271615035,0.4012684679763665,1
11,548.0,True,4.989689143375617,0.267168411914283,1.743089658528754,0.02291682397533079,2.686837667362247,142.59097119684716,3.2561404930578917,1.4526738775173689,2
12,542.0,True,3.5189952045704285,0.0028358938942141254,0.8914561248980162,2.999445018225459,1.9016511135850356,130.38903466923924,0.2794184250276732,1.0851037816155202,3
13,560.0,True,3.442042184417043,0.479761961176363,0.8487526650495409,2.880516854842897,3.0680324403215034,14.484313999937548,3.702519351893373,0.12326619622479518,2
14,550.0,True,1.832607803440166,0.2866374923743206,1.0030790270603571,4.322404019714411,0.640701863006653,406.37244333647703,0.13417868488812323,0.6219219841712134,3
15,535.0,True,4.107152419032223,0.16658484468784823,0.9830853405885767,4.3004529173150905,3.938341711317848,143.04930823516256,2.6650525335383524,1.260242569374798,3
16,548.0,True,4.935319950448217,0.2872938097508023,0.4677687668104462,1.9108791124357083,0.3223478456676082,34.41615603358639,4.972714801876012,0.10455286189819857,4
17,484.0,True,1.4813408838889974,0.4286141021135221,0.8503669171253778,0.44809966698211523,4.980737077833429,298.72600585063867,3.5368353077810823,1.6444790440255843,3
18,562.0,True,0.3392143301659323,0.27424273498836904,1.146604251420884,0.1831438079359432,2.695889947868584,460.6348180818515,1.242094121134254,1.7977199142776037,2
19,562.0,True,3.0864570676410152,0.04978382033087636,1.4382964656061954,1.9697799195962673,3.4497581547514446,150.17647652607297,3.9716567434114607,0.3395143644771399,2
20,-524.0,False,3.56119784716852,0.27686862381767446,0.9441097806078322,4.1788520830105655,2.598094649655266,361.87330679075313,0.5641757653502377,1.3195968215425053,4
21,-468.0,False,4.262481951635153,0.1680611002654333,1.0169935126444363,2.0126190564990205,0.6809305629548557,175.88107207537996,4.862505854508247,0.32997095443240476,1
22,-498.0,False,0.49879350189254656,0.4717793194726843,0.1952674962352816,0.15708070450751177,1.9661250896908133,433.4841883539634,3.7537919548042504,0.5779383145967314,4
23,550.0,True,4.337203121693757,0.44228533119666574,0.8488551133073785,1.1203501827403768,0.8383650607811238,433.25155193717,1.4314716483601142,0.9682625717632021,3
24,-500.0,False,2.0794653200933473,0.16775512018461364,1.3199526481076007,4.572438137447824,3.2940700526090936,293.87814683562885,2.236433595297165,1.6668940347067955,4
25,539.0,True,0.7604124485836705,0.10888549875930337,0.8374668326867141,3.654599190919062,4.1155394171141895,249.29632633245802,1.6102602264955435,1.2059582962461117,2
26,-556.0,False,1.3902753909357457,0.009246714416729918,0.7725698795557066,0.4503257635059926,0.32637715878226226,98.44212804226993,4.4391736798194135,1.0494075907354041,4
27,546.0,True,0.5971855931510511,0.3371463186393306,0.3177159849244515,4.086321203699647,2.151744209205568,397.2710712340764,3.719789505664429,1.3004861303529671,1
28,-452.0,False,2.1294820530821323,0.08320074216856821,1.9902891000238232,2.8141492404229584,3.1983612245500477,468.04055787069217,4.3336214858819835,1.9670327934709808,1
29,524.0,True,1.9943090442426226,0.4615542521548498,0.2913576032083438,3.2581141619398064,1.90660244361941,62.927312244699664,0.6537715936985233,0.8856829147641143,3
30,-492.0,False,4.998316539710423,0.4012219097620251,0.10004140331236178,0.3001868856490608,1.36264809942803,130.74300401684297,2.157317748482104,1.115027456835001,4
31,534.0,True,0.09192471403395297,0.05603713597552018,0.2950843993224599,2.1303609419876763,3.1406032742658025,113.40963375485063,1.597874345835197,1.794953833113702,4
32,-492.0,False,3.6218189540029044,0.04005056977296334,0.8699269674264976,1.6785259912845922,3.9858779966285613,136.02317118292245,3.2369492634241404,0.7889094799386389,4
33,526.0,True,3.5576384220654185,0.06003014323342454,0.7818561354685769,3.275834526351193,1.5120468025452842,29.053035648175406,3.6599989382057685,1.721416457257167,3
34,-556.0,False,2.093205750580272,0.19812413850263777,1.951797572168251,3.01580747679023,3.535443012099156,153.0044674891644,4.413318401045606,1.8598071047419222,4
35,532.0,True,3.3917160682183587,0.2574074437280556,1.243532686064341,3.7828074493726156,1.2823080217067901,346.03688157814094,0.8116111554383115,0.2050791711462825,2
36,522.0,True,4.704712919532056,0.4935500476448873,1.8418157464558471,4.3683518110695445,2.8977939064325398,465.866582113684,4.634712204341957,0.7778324641424144,4
37,536.0,True,3.1949359095614933,0.36534586710521255,1.3612112515797152,2.0979405466047707,2.881656413801962,443.1608346342672,1.5680476064199833,1.7158492338443994,2
38,-508.0,False,2.4042524199560122,0.1349012125634919,1.9592190197423072,1.4517204916290387,1.3649458615679695,342.15904652669474,1.4184879438819116,0.44031704596188037,4
39,482.0,True,0.19353032852749585,0.31352947490452654,1.6817055581898552,4.2985028991343555,2.2905240380652714,303.4633641242048,4.196605511781782,1.371140972862873,3
40,548.0,True,0.27091953531266755,0.18881909411219777,0.6659788100857658,4.980283380240998,0.2166439611366905,123.63881285294187,0.2349172978323416,0.6353356834944155,2
41,-452.0,False,4.139771798829763,0.365149353995014,0.1990651473995657,1.8065360996121909,4.074485158790898,184.8103791345354,3.278962583430301,0.8916932496147953,1
42,564.0,True,1.4583659399223632,0.1948688607710538,1.6311938363853014,0.9214042416804491,2.617620753374025,342.4825892232165,1.3430597769803603,0.5545693834048333,1
43,548.0,True,4.225149746033161,0.21763594466457586,1.748191063348932,1.4015662772159332,3.8044707072893975,495.0240521964629,1.438436158292555,0.48292116579159683,2
44,530.0,True,4.685716335659732,0.2421913268004212,1.3535933351101936,1.8250305026241702,0.11864956972623908,374.55240743972877,4.674022608055139,0.5310790453581511,3
45,530.0,True,2.7506438364159087,0.29222260012183393,0.9521784840924414,3.2595476272536987,4.18919331000118,18.31155013024699,4.6573814021539945,1.8046511573082282,3
46,474.0,True,2.0464188836631565,0.03961709022146637,1.763029718825678,3.757252730177151,2.5721790038205454,348.5107125576706,1.747452776653966,0.5736954448919174,3
47,546.0,True,0.3955132973728326,0.4565973048357044,0.521761804343132,0.3332244035132603,1.7674638239463136,266.33106052461915,3.161296744624355,0.8800822126654801,3
48,445.0,True,0.49485544786249613,0.4336445834285609,0.5614782897380381,1.0323971024025762,3.185135983253569,159.78376147061002,3.31123997612253,1.6801603055123489,2
49,564.0,True,1.2548309155862047,0.29286023099309805,0.8099597866806849,1.7826153383758037,0.39770370020661694,239.92011340987335,0.07049929037419078,0.3859002222483907,2
50,514.0,True,3.8312948775206794,0.20329770697351635,1.1771318378055142,3.0847126872274826,0.4408649587167557,232.50821193864456,3.5359466431811666,1.4562423679892287,2
51,524.0,True,4.202565939993558,0.04238715124215736,1.5367472946045877,3.634845138523783,3.2726309149142074,215.6689448524511,4.565075803964308,1.1958486682272422,1
52,564.0,True,1.6988699468651043,0.2739425330364371,0.8550761311129507,3.9878855892397373,4.97272915972907,174.2294503417359,2.0771800366672033,1.3810990674799761,1
53,-496.0,False,1.020173128418393,0.3427099980054858,1.645236743835093,2.007911790896368,0.8424356238677028,9.727664984137462,2.417140782410349,1.8317771484234824,4
54,562.0,True,2.178632183669014,0.43002809582708135,0.531744082923868,0.8951954886049579,2.3777455050864518,206.48093350652968,0.6853435144877235,1.9813063262435204,1
55,524.0,True,0.5699968772223207,0.4326754111185135,0.9249861239805597,4.105186548087337,3.2125890939660873,356.0694685734305,2.0281880253909885,0.3982013198798857,3
56,436.0,True,0.23858684995441304,0.4510019356591021,0.5393418845424478,3.5435150696353244,0.2978929087663329,488.2902154680174,2.9921864554151885,0.09830988349511349,3
57,540.0,True,2.2523083370456214,0.14305518937337008,0.0354688726124095,1.5096903063036509,4.27665155755566,334.7360091498408,4.924463172613777,1.5380829663109197,2
58,540.0,True,2.9287397100928363,0.06192917610336157,0.8254324046715316,0.8522388402743919,4.233486488621082,29.98021648799698,3.2146371205168824,0.23361795662840246,3
59,-508.0,False,2.0120725178027667,0.12026772967260746,0.6470011451945348,3.723068989706364,0.05860797797071993,378.21632856186307,2.6417637036906334,0.030756790439258275,4
60,544.0,True,3.5366528636175305,0.3129334432581224,1.1124211548755667,3.7969553447402475,1.2850229341209285,440.9384493676475,2.7657644326834268,0.1124218185635808,4
61,547.0,True,3.6874435043067395,0.07782613209491762,1.418540483537349,0.7296636747908231,0.3197427951377152,308.5248053749469,2.454428091145485,0.5106344071965689,2
62,428.0,True,0.7568061463653142,0.33550907456348694,1.543294051952019,3.131813569211221,4.350154822797447,286.7290860700711,1.976501653162357,0.20969332176161481,3
63,562.0,True,3.1841003564712085,0.21875569578878507,1.2595704991473369,3.437385428979838,4.311642361293403,281.1739440472382,3.554259289202541,0.2915231591381484,2
64,514.0,True,0.7383666015090001,0.44756836691769664,0.6901002161848815,2.6166454652283027,3.460165160306195,346.9421245479372,4.918587344200334,1.7241253832377037,4
65,533.0,True,4.008004328273684,0.23168275090496432,0.6529988409294574,3.6940218452832823,4.295081733096149,442.9160338159658,4.335085214422824,1.8848578960081253,2
66,-488.0,False,2.9259662589829434,0.3220171395088511,1.4798779720069606,4.68850298267602,2.4493711951655577,488.6218470352781,3.0490412052484857,1.1237532254895282,4
67,-514.0,False,4.690300297844755,0.36604114320698417,1.5824527408175293,4.151212686479683,4.548239274215229,320.31194000786275,0.054939289494376764,0.7465679273787678,4
68,-502.0,False,3.930626009954435,0.2316910969331346,0.17903276208282715,4.946942949652918,4.860584857351727,76.22368143433495,0.7613455894285376,1.6229420511608283,4
69,550.0,True,0.9928970666754039,0.265806817588148,1.8928717367425656,2.9579768063128418,2.3084585160946003,388.21638659189637,4.259180650421261,0.8070463630009872,3
70,520.0,True,4.46989579401038,0.221345366736736,0.9389855496024475,0.4792763121734628,1.3345430259775597,469.816658468391,4.458178292760087,0.8215729901556568,3
71,-470.0,False,2.2311799781884565,0.16521103939558446,1.7248243087798762,3.8945138575558023,4.653880713119053,46.843764281276954,4.30115052089061,0.2829091284482137,4
72,-468.0,False,4.6297467008512205,0.33870125414357893,1.4468835283714654,3.604951896239397,4.623466444681643,290.77263022304595,0.4113769565487513,0.8109635174333978,1
73,542.0,True,1.4968888610017612,0.3112941166701489,1.3197528191423273,4.121257405933752,0.1099367763222181,385.94581939763964,3.4968407538406643,0.12756944458404673,3
74,564.0,True,2.4992896095849435,0.12961142397804565,0.388584990983442,4.600686399958834,0.9338212445095961,251.64698645923417,4.30959174315213,1.865692440418518,1
75,-492.0,False,1.9034980394687917,0.38341183556551506,1.0635423660268388,3.5601153754110215,3.8260876295345287,257.6026928163469,1.383799286571608,1.6857879568229361,4
76,550.0,True,3.8480834539688633,0.10855404196090784,0.9386854280777748,0.18429309957722462,4.037200770916373,471.45455365573787,3.003256312962732,0.16995980726570958,2
77,487.0,True,0.5211101145128866,0.33887907737366946,0.10552340704237406,4.587053323238282,0.7643144398915797,189.74907547679575,4.6968836212360845,1.4417920144666423,2
78,485.0,True,4.070750425330688,0.35934579905033953,1.7400161236423697,1.533736534424421,1.612141666301194,336.74124833959723,1.6931918319275208,1.3700479412524844,3
79,449.0,True,1.1576107539997293,0.3931767991726944,0.8188575450582833,3.1118165647342515,1.9057227578824305,86.89544040221975,1.17059930771021,1.471980118093284,3
80,-502.0,False,2.7889031837699783,0.3703990368240417,1.3788845771360267,2.7572121202535955,0.2900757678810678,137.72795720946263,0.748138231476444,1.7761842123559661,4
81,-492.0,False,1.5598738040076088,0.47567886885382965,1.3053473036559327,0.8477654271070995,3.593887068492765,440.13579195826554,4.215627489661047,1.028974015988278,1
82,558.0,True,2.24189539986049,0.4043738409368615,1.5808823124841256,4.896751627956787,1.1862791042224146,344.747511919155,4.190074161510953,0.26349716409918145,2
83,508.0,True,4.763793365802438,0.3298473164348723,0.5986705333392395,1.9470204014754295,4.783484783677739,47.67085334627896,3.753259668377024,1.1248766511561854,3
84,-452.0,False,4.909982779910067,0.29910747233723617,1.5722034910322407,3.6100027946985054,0.023014038960034733,127.298913654039,1.8962023868884708,1.4921294644236942,1
85,496.0,True,4.004204942281843,0.20474937678209987,0.9852763459411629,1.402404979727348,0.308547504316779,244.15599433977349,4.447182128110728,0.1457893102723964,3
86,562.0,True,0.704700540660928,0.44037174404200646,0.1745249388304444,0.9166369257442419,3.4677461280201904,135.8710366823792,3.4948842464896512,0.7376897416940671,1
87,-510.0,False,1.543778604232355,0.2581306902649014,0.6090951847347414,3.967547022647164,4.578683608110897,499.5034705078352,3.8182764162875578,1.8259555909801743,4
88,552.0,True,4.590447323442961,0.46085886229605877,0.9394562838182854,0.30578267301532125,2.368052654590487,5.414104895730853,4.730701724614419,1.1857696693826665,2
89,560.0,True,3.1086598017741416,0.1693597090022123,0.9348905913064363,2.9259984734700395,1.2922362565367684,107.70093612351128,1.1657718785156441,0.30486557832751693,2
90,465.0,True,3.0695681734104245,0.08368353862326094,1.7569445873466802,1.5430810749192232,1.9075178905887202,153.8546894028962,1.1635533126784459,1.642454741177595,2
91,550.0,True,2.7789303326512282,0.02344848164664981,1.637048848177064,0.8784097088670106,0.3126583746913081,394.63199657761055,0.8364623824369788,1.4866192592268974,3
92,504.0,True,0.830413648374817,0.13252735448031067,1.9930605123152232,4.935816477839661,4.372643599790048,287.0329811135677,2.508610518913054,0.09079584999395895,3
93,564.0,True,4.817619659718623,0.009740898545331278,0.7655725588292581,3.5984311766267085,4.955949653980712,296.99677630058744,4.159365633229725,1.2826417330868694,1
94,-504.0,False,1.616401418827897,0.1000178577542063,1.7932839378254763,0.5375258452298914,4.665700496283743,229.83537440966117,3.65345354060149,0.6654952696229135,4
95,530.0,True,2.239973883869789,0.037614791021513494,1.473171214243364,4.11349108162563,1.0769560187775107,86.316322362473,2.0806839133957133,1.5958595359010719,3
96,549.0,True,4.780381276041161,0.2527733741252085,0.4797204817351517,3.7722236232143427,4.801943202231658,384.84624213276226,0.17955470486860914,0.3272540962822905,2
97,385.0,True,0.7216450732475188,0.3471148309610274,1.0170301133783686,2.119911516095124,1.0903838483510464,155.0605712586941,4.669299589082372,0.8986931757972583,1
98,476.0,True,3.2867358210101933,0.33973435771742827,1.8100738574747428,0.27593517759116837,0.4667376803940193,496.5022188329114,0.6726083453754111,0.8710662313654347,3
99,564.0,True,2.9129922214713404,0.09489801271054643,1.534013246665327,1.0340262818235075,3.566529833807779,300.11032119066357,3.7491804632406316,0.09011040456733244,2
100,-492.0,False,4.392241474895558,0.10175711012840277,0.06543980501269386,3.912686947335681,3.6973875470491335,8.018532703993664,0.20112797472378152,0.7035776344281028,4
101,-494.0,False,0.8464249499035342,0.14165202944779232,0.9235285584693578,4.903460447650895,2.0875124534244116,369.72509471399457,1.5656812906533872,1.3379102864570058,4
102,537.0,True,1.2924613460324075,0.048923463144034174,0.4068572755552484,3.4839444954082777,1.8307653548516996,200.9451194028997,1.5406896203139424,0.016998244013733066,2
103,564.0,True,2.3805299223290364,0.3962199439055166,0.9918865064075231,2.411347408949292,4.177792646204109,204.17309922461828,1.4153426085464433,1.86790878387985,1
104,-516.0,False,3.9216859552275247,0.46905627610125894,0.9914886331993582,2.126014026726155,4.112274531814101,437.7761973489269,0.7488815435168733,1.5289055466319559,4
105,488.0,True,3.6662467478044487,0.29444943403277735,1.1079557420630597,1.9537097619863038,2.3656009006132055,295.8259287034152,1.6337226536673521,0.36318557656902417,2
106,564.0,True,4.47393577005152,0.19987248633858412,1.009981358743918,2.363498625884049,1.4824812981803925,361.5254413946284,4.907276688531875,0.005593883919053466,1
107,532.0,True,2.948959399634629,0.0029907950883230616,1.0227354549671297,1.7257047377949697,0.49074652610438974,221.76453241862615,0.749106593540162,1.205561504067999,3
108,545.0,True,4.111311002946122,0.07369261134600069,1.0100934269747368,4.0620273146149986,3.089145173722537,494.8601381298835,4.304310892360002,1.0086661147083775,1
109,536.0,True,3.8295841836808813,0.29063696324535987,1.5452584043616902,4.318533279901475,2.7202762613729985,191.00574382488227,1.823266145721495,1.3382092083144277,3
110,409.0,True,0.7928649899019591,0.17923384965910666,1.1812235721377715,1.4845516158896692,4.995891398149448,101.36310896511458,1.719939025438364,0.15165229161267568,2
111,-500.0,False,3.7306216912775305,0.1096640254097559,0.7291167854547635,3.481966058694577,1.303780597175318,228.56229883451724,1.4520935834876854,1.202262260284242,4
112,535.0,True,1.9657826811978056,0.49153442199895786,1.8159589839609749,4.56370221275518,4.313860603947845,469.21710367578976,2.173134724559307,0.1268996039060062,4
113,530.0,True,0.670968831305927,0.24921403528378494,1.7675154224782403,1.9380745789679148,3.8695718943220205,493.6084494518237,3.303002703863893,0.8493182931685117,3
114,529.0,True,1.1455891946406405,0.11800772757507327,0.5885247733473986,3.7934273537196432,2.2483546966432333,387.89648291338557,2.3557523523098594,1.3738820126764095,2
115,-514.0,False,2.1392171223987915,0.16580640994807166,1.170724475651166,3.180672038203041,1.3499749903163711,135.40186532287314,4.093500727110905,1.5700646891163113,4
116,556.0,True,1.1862013821165713,0.2848248269334588,0.07733374579699448,1.4562025948361397,2.248253021445591,273.98810680217974,2.70714818558939,0.14696022930078545,2
117,-500.0,False,1.825065112331767,0.4874779527275962,0.987321392944952,0.37394157712664855,2.459212912032722,276.88457376785254,0.5365501528860006,0.3193302447243198,4
118,556.0,True,1.152453467647852,0.3932795653194312,0.6915637377870645,4.3244516992467465,4.369751425558207,482.4283974066074,0.14289792375452637,1.4517705333394595,2
119,540.0,True,3.2164616276702973,0.04421046009888768,0.664765225704562,3.7138692573359675,3.019337016803468,88.90001292329607,3.9882773947797716,1.4808470975566745,3
120,-492.0,False,2.7954191849229133,0.4413090406584262,0.27605854510282835,4.990012060259465,0.04004483221025368,47.57543397428338,0.5083572242689316,1.3413857688841389,4
121,554.0,True,3.565897132822957,0.048849921926015616,1.89139606048888,3.539453343096382,2.2133849735598057,166.6328409153408,4.878782592329435,0.597010049129133,2
122,-524.0,False,2.5777469652998297,0.0525701848397816,1.9852450440843945,1.6380226444777346,4.609777831774793,396.41998494066786,3.473180437250501,0.6668044613163495,4
123,-500.0,False,1.316792780245986,0.07208228795276006,1.203838070809208,2.053273896374825,1.5180961902470702,232.90093648787607,1.568632630668803,0.1718477610614637,4
124,562.0,True,1.9377501608530279,0.26925044536481585,0.5646996317712352,3.1653836930004187,2.9469955530468077,413.7842604327277,2.130821291827039,0.3059525722960852,1
125,558.0,True,3.563815664035705,0.1167514217103835,1.0866205119381658,3.926208678997477,2.152518011582172,239.59820588164777,2.356563199309381,1.618652713475124,2
126,-552.0,False,4.751568162236315,0.4939132307584342,1.346419318377912,4.072177183103058,2.683196561727257,399.3317753669912,2.3497797392364146,1.2545885144626419,4
127,564.0,True,1.4201303101572826,0.13880207568781233,1.3768030693913844,1.9147272711361008,0.7879722340358652,276.6012414820952,1.7193750980873963,0.7765218117891524,1
128,548.0,True,4.695391673588074,0.37728149095605756,0.24259888426751086,1.511759185129924,2.6082136470084976,69.71766908616905,2.5342323654995003,1.2210153389203993,2
129,-512.0,False,1.4489522524086784,0.0020186350529104446,1.64758829112743,3.808546826793357,4.305190044076001,21.60343405005949,3.9952213368516993,0.5029499301244338,4
130,562.0,True,3.3083104671573613,0.053515519329054906,1.3951179938710394,3.3495540045078154,1.9302070287724238,374.30257728688855,4.961890718906961,1.152162577808065,1
131,530.0,True,2.804949071755438,0.15026812560341818,1.6849216559363185,0.16509050219969956,4.483385607821645,107.0940558652585,3.493284452901621,1.5814808509746614,4
132,-492.0,False,4.044203663621574,0.13294738354312874,1.5880887936144374,1.305700932330753,1.3556489962257152,91.53190941514028,1.7523313875459894,0.06405970288950358,4
133,-496.0,False,1.0899718187491914,0.007031478032987981,0.1544221989771144,2.148215706287237,4.413767550803923,20.41583324820584,1.9499730139203604,1.6052425329417832,4
134,544.0,True,2.6702415714432353,0.016145375889345837,1.7711584313085664,2.1358538014837674,4.623449098519442,278.37765363080894,2.987596989443743,1.8564399518565704,2
135,316.0,True,3.35695151506118,0.0012358121322484372,0.6621721050426026,4.734602782257309,2.1816001396874585,364.64872215308594,4.784242050447027,0.5350750881036854,3
136,-502.0,False,0.6406910327035975,0.2586335484208045,1.8152064081966892,0.10958646133257866,2.7056658888634404,230.1179285232694,3.3974382274086095,0.3238658038683897,4
137,-502.0,False,1.0472596576577202,0.10364743670591864,1.2944992857621505,4.890708453379627,1.1998732895521784,97.07515346825258,3.0863488365163056,1.0191992831144157,1
138,544.0,True,3.6765372906116527,0.39276361609741633,1.8857843601562085,4.4871385174702185,1.55587184356399,67.90249653880636,0.13066537988438154,0.02955916494140931,2
139,-468.0,False,3.3882470097630972,0.30505728141457567,0.44793291476618236,0.7195623340776841,2.2332209409088026,426.7410658007801,1.3282768365256992,0.9822681014503167,1
140,554.0,True,2.224986402482932,0.26089682935905617,0.22929880111733336,3.8804255781589103,4.741875000972971,106.90970011708333,0.6714529060156438,1.5935509182405339,3
141,564.0,True,3.510986415365843,0.10912046689445293,0.9873277633441322,2.1365224606571136,3.6578819132126257,34.92261515869283,1.1806142164043503,0.2899121056914413,1
142,564.0,True,4.982146730389327,0.45390363450426535,1.9851246078437144,1.4931725211004228,4.68651019189629,403.35373159117563,4.7259428705044275,1.1310489640780752,1
143,-508.0,False,2.2840380889673026,0.25343089050822176,1.8351995589141317,1.7592893941708305,1.262160311060626,204.2672378241695,1.6769510191865467,1.4567568417681198,4
144,-478.0,False,1.2651270073002303,0.34464212607796113,1.1291416824347251,0.8015839152476328,3.0458185941561906,477.4166658457184,1.0821519327751887,1.253159642099408,1
145,-452.0,False,2.2056836715627637,0.48013034437308005,0.010204539261302159,3.1687430953300955,3.931998714385216,382.4439542763995,2.1079993265435086,0.1735830604371036,1
146,-526.0,False,4.362039414600588,0.028802646604470683,1.377846457661051,3.9563948185956415,3.27715327053894,416.4710898241958,0.39606717056396457,0.947135737698195,4
147,446.0,True,0.05366225811579861,0.2493980839263658,1.8809927072958403,3.3958847235711325,2.5987255223899544,385.4225689669417,0.4062981023297668,0.30295987690941106,3
148,476.0,True,2.5586155502501344,0.1936157602173067,1.6350020982710531,4.97227416283287,4.935868125808218,271.84492990801414,1.2135324177850766,1.4424915602284885,3
149,562.0,True,4.2088039204359795,0.00020979636968032622,0.9786450104156523,4.935622162263762,0.998102434964761,445.8741156677959,1.9681086900781064,0.6921253081584862,1
150,-496.0,False,0.1934229303319307,0.08475732572616523,0.6497499965434621,1.813563340137332,4.8994157499117765,441.16184751124064,2.7011325083467623,1.1998793787141973,4
151,-500.0,False,1.8016818687341951,0.38229009113661816,0.29075959697791776,0.5374342066415455,3.5087641146167066,454.3107513838482,0.5574433093189313,0.3310848197982177,4
152,560.0,True,2.2582310611897767,0.003016064393149831,0.11699970004866111,4.443063752189192,4.880005190002082,215.47145471932,0.10536542727713871,0.8633288874335532,2
153,560.0,True,1.5089374434966034,0.4843509355208117,1.8029347193273562,3.397789394411053,3.098570614574008,77.45717568735083,2.0079693816564594,0.8521053700088628,2
154,556.0,True,4.813839189792549,0.3589654996532248,1.0573493599901647,3.0955803439682135,2.2842348427035275,199.9842914534873,4.319736976606251,0.6966852764033176,2
155,528.0,True,0.4867123622444758,0.41025551781424874,0.3498711255178242,0.9409193675827698,3.611055844173231,327.32409159278654,1.1409700484865992,1.4501184161373557,3
156,513.0,True,1.0622107776802425,0.29148303422596505,1.7364856232306909,0.9090166977849945,3.882070036152535,341.2636667261563,2.2967031988571773,0.17948517183277168,2
157,-502.0,False,2.326947805342867,0.35583765808405043,1.545500454102179,2.5468203976808153,1.3687948074232086,470.3135542782303,4.540079868499106,1.4556508202917577,4
158,-468.0,False,1.5601313934627659,0.09466453839656502,1.4482517374726367,1.78228036235546,4.308426428243661,162.5323258494098,2.025619023617476,0.9721588610887377,1
159,-492.0,False,2.5140873738783345,0.22365894409532588,0.1416832206960621,4.899512959779082,4.872632015850633,323.8397882932269,1.7102873829867211,0.875892400733782,4
160,532.0,True,2.780388275902224,0.0753239136767152,0.5876225711128753,2.29934459651081,4.800800808670887,497.3518920419364,0.7128749631190701,1.4030281956946522,3
161,560.0,True,3.650661712585108,0.02384607464041122,1.730832594937003,2.2758254475977435,4.156690548796203,356.3574860932612,1.832658633707533,1.5992849716655853,2
162,463.0,True,0.47333615196768875,0.14566472748311166,0.3209166877956491,4.8526793027547495,4.1957870910261,319.8895316950344,1.8143719676894459,1.7487486387735802,2
163,-468.0,False,4.944841561242203,0.267979025102213,1.0270511421442872,3.819171352156214,2.0138997277590986,484.27790014846244,1.4567745321217536,1.9717543327741966,1
164,400.0,True,3.0173494699730297,0.3378990625243057,1.7978051748506614,3.734236533880624,4.429367116996105,396.2519333430026,0.4213386808463332,0.16046786897651044,3
165,-452.0,False,3.513470553475888,0.3001566349112912,1.5871354644951234,1.8261278740307174,4.9133929034415065,300.81500183519296,0.466150998936643,1.2774667058025713,1
166,486.0,True,1.8982028759544782,0.4876324526123013,0.23301829000561192,1.1925446112138005,3.28123290538156,452.71910244716497,3.3668341571116174,1.3747970694524323,4
167,541.0,True,1.4586480879130699,0.3259446436707488,1.2527137340340766,2.7685053149129524,4.100854643549327,457.4124065046468,4.668957611671772,1.9081426146200295,2
168,524.0,True,0.25218667295876906,0.4925045919561571,0.6979963988595572,3.91970790791129,3.907521442978863,206.2777233778394,0.48056193690696525,1.0632389138132659,1
169,528.0,True,0.9158869631897743,0.1133714452497585,1.5782530023973342,4.953366103119319,2.4253012138781163,271.3759590305803,0.07496549924450258,0.17588480055739408,4
170,-468.0,False,2.835095695358789,0.022103769286580532,1.7029174210775766,3.550348424550225,3.086866595772501,448.5180956364161,2.0676136255588373,1.8539516809162266,1
171,499.0,True,1.2038189671149095,0.11324774676279259,1.4772899811397004,3.557803652831177,4.953256247150229,307.7050653885965,3.9878594443014608,1.2205115112994567,2
172,-548.0,False,2.457576306594114,0.3175817565419908,1.7896325774784037,1.3420422594406267,4.042033425534186,309.80659094354786,1.9894158253817946,0.8557658184825179,4
173,-468.0,False,3.8004642258423313,0.20400650102652418,0.05278150101863588,2.8536417899901934,3.170181106975718,198.78126613201414,2.1571683967856794,0.5846763071872314,4
174,-492.0,False,1.1346982150566416,0.00462921706282976,0.098885776428,2.9779708423160023,4.827988929324694,444.83967213998136,2.691381683931977,1.562187023488534,4
175,540.0,True,2.013817080558699,0.04038584205802076,1.097182068179838,0.4222788973446273,4.050867597850314,493.4206559790462,3.35215209197468,1.32943849239111,2
176,550.0,True,3.114374190864222,0.33204152603160325,1.4021774199693495,3.852617830019452,1.1410283562550938,163.25543756781474,0.6402956613780847,1.2044744600835156,3
177,-504.0,False,0.7736964147583836,0.05500110409530373,0.29310414731887224,3.9446805697575456,3.0980622215052254,65.41517263649848,2.7766499827109756,1.8523063494761722,4
178,405.0,True,1.8271916251772724,0.358297676875556,0.9597218502576548,0.23247993299753356,4.518490917389656,300.7604471904211,4.348735390305162,1.3867895656842129,2
179,558.0,True,4.761720473379682,0.07185932717024324,1.7728224158266912,0.36312753739348447,1.2258803859567253,154.48876607456063,0.916268008136743,1.598393151193266,2
180,-496.0,False,0.8691647546246306,0.20007633374362666,1.2502894779658118,4.192484750421209,0.051260312185361645,101.57637498041794,2.6225096485086463,1.4320881240105312,4
181,425.0,True,0.08971246007042355,0.393213079035863,0.9348795585079168,4.394930323656978,2.0293015185799215,324.1735229834097,3.073478166363581,0.7722455965719826,2
182,-496.0,False,4.931402755761962,0.4789412718459687,0.9015159025876993,1.8247890118682208,0.0980530077488545,73.13466179672167,3.41642290530048,1.5836183175889078,4
183,-504.0,False,2.7850532996958832,0.09362584602897606,0.12873024514651576,1.8365033509115192,1.9811388769904874,373.069836958078,0.6670492835265224,1.082375727649531,4
184,499.0,True,3.2734407992128727,0.2078699669611807,1.7243718182984824,1.6149193157733222,1.462926337096041,222.11218770725642,3.721823118547448,1.1195191225854095,3
185,-500.0,False,3.2333595368122197,0.39400724939186454,1.698727296863307,3.4926327475715615,4.453906817624543,434.6422700440176,1.2654029616386298,1.0835768347370693,4
186,-468.0,False,1.753820612859509,0.34065840680395676,1.5738238815942691,4.015701198951948,0.12110648705614346,3.7597190127937052,4.0199898501010525,0.8093271129369077,2
187,-452.0,False,2.837290531513437,0.16001091926542826,1.4759715341959292,1.039972361516187,0.41790364298820826,51.493115707588856,4.110596945947808,1.7368797298481342,1
188,556.0,True,3.621905572284163,0.3435017192176082,1.2546122638120654,1.598274296399767,2.063298407930256,42.67644348775934,3.204425576494388,1.0336309944246342,2
189,-446.0,False,0.8006771638422183,0.1786985275053834,0.2625499723868754,1.1257185510591816,2.9718207597353983,142.39738803021268,1.8194036375797895,1.229317099363814,1
190,540.0,True,0.7529882019982881,0.36675051469714187,1.422061052622706,4.4540542488392765,3.6322971369396697,477.6713174472286,0.0596490171287134,0.8742257302135852,3
191,444.0,True,3.305217547928054,0.2996440391178527,1.9783866930840424,3.647885411904999,2.9076748718483887,94.02189520443626,1.0897046266492583,0.30003613587245415,3
192,-502.0,False,3.633908218042956,0.3667176682557879,1.2737883753478405,0.8581703088147263,2.3534266245982827,300.43136143731937,0.3983048037939446,1.337602929030135,4
193,408.0,True,0.8584430235991547,0.4175736254520065,0.3925607271021909,2.5322787110168568,4.645392746481988,121.88658459951895,0.9434376480871254,1.1883148493662616,3
194,531.0,True,0.4956034075174254,0.38915741296074535,1.6334170341987104,4.849930160383788,4.13219618929623,256.84094849843547,4.770688983044866,0.1410058107012111,1
195,-452.0,False,1.5020689307109114,0.08026535332356466,0.74151003681227,1.9564753690571612,1.6914641806311654,367.0790500275684,0.8549602630287229,1.0816303298770527,1
196,540.0,True,4.846088968496382,0.49073065817208245,1.3020834870814588,3.716698505148959,2.803500624779079,219.18430986513198,4.596342722983305,0.6400511311138777,4
197,553.0,True,2.465988109434623,0.00048306497660588477,1.6809951673741472,0.9554266708283277,4.079216087303949,302.3894425273726,3.4263106325908006,0.12557576314283758,2
198,-452.0,False,1.2164098252873745,0.4374213078736651,1.6034321656095678,3.960869995378628,1.9510619047895799,119.58764342141181,4.7923355042443365,1.747422464054817,1
199,542.0,True,1.8078742081574095,0.012627277693397887,1.9124193559257152,0.6583890962666555,3.9453670445346973,230.43982962724252,2.9868636498624346,1.9999270698586362,1
200,552.0,True,2.6554952830162515,0.28444107650629447,1.7095574453455515,1.7973869587630182,1.3932137850430404,425.5764746468811,2.084735471774661,0.8247933009284727,2
